Ticker,1-Jan,29-Feb,31-Mar,30-Apr,31-May,30-Jun,31-Jul,31-Aug,30-Sep,31-Oct,30-Nov,31-Dec,,LTM Change
AAPL, $73 , $68 , $64 , $73 , $79 , $91 , $106 , $129 , $116 , $109 , $119 , $133 ,,81%
MSFT, $158 , $162 , $158 , $179 , $183 , $204 , $205 , $226 , $210 , $202 , $214 , $222 ,,41%
AMZN," $1,848 "," $1,884 "," $1,950 "," $2,474 "," $2,442 "," $2,759 "," $3,165 "," $3,451 "," $3,149 "," $3,036 "," $3,168 "," $3,257 ",,76%
GOOG," $1,337 "," $1,339 "," $1,163 "," $1,349 "," $1,429 "," $1,414 "," $1,483 "," $1,634 "," $1,470 "," $1,621 "," $1,761 "," $1,752 ",,31%
GOOGL," $1,339 "," $1,339 "," $1,162 "," $1,347 "," $1,434 "," $1,418 "," $1,488 "," $1,630 "," $1,466 "," $1,616 "," $1,754 "," $1,753 ",,31%
FB, $205 , $192 , $167 , $205 , $225 , $227 , $254 , $293 , $262 , $263 , $277 , $273 ,,33%
TSLA, $84 , $134 , $105 , $156 , $167 , $216 , $286 , $498 , $429 , $388 , $568 , $706 ,,743%
JPM, $139 , $116 , $90 , $96 , $97 , $94 , $97 , $100 , $96 , $98 , $118 , $127 ,,-9%
V, $188 , $182 , $161 , $179 , $195 , $193 , $190 , $212 , $200 , $182 , $210 , $219 ,,16%
JNJ, $146 , $134 , $131 , $150 , $149 , $141 , $146 , $153 , $149 , $137 , $145 , $157 ,,8%
WMT, $119 , $108 , $114 , $122 , $124 , $120 , $129 , $139 , $140 , $139 , $153 , $144 ,,21%
UNH, $294 , $255 , $249 , $292 , $305 , $295 , $303 , $313 , $312 , $305 , $336 , $351 ,,19%
BAC, $35 , $29 , $21 , $24 , $24 , $24 , $25 , $26 , $24 , $24 , $28 , $30 ,,-14%
MA, $299 , $290 , $242 , $275 , $301 , $296 , $309 , $358 , $338 , $289 , $337 , $357 ,,20%
NVDA, $235 , $270 , $264 , $292 , $355 , $380 , $425 , $535 , $541 , $501 , $536 , $522 ,,122%
HD, $218 , $218 , $187 , $220 , $248 , $251 , $265 , $285 , $278 , $267 , $277 , $266 ,,22%
PG, $125 , $113 , $110 , $118 , $116 , $120 , $131 , $138 , $139 , $137 , $139 , $139 ,,11%
DIS, $145 , $118 , $97 , $108 , $117 , $112 , $117 , $132 , $124 , $121 , $148 , $181 ,,25%
PYPL, $108 , $108 , $96 , $123 , $155 , $174 , $196 , $204 , $197 , $186 , $214 , $234 ,,117%
CMCSA, $45 , $40 , $34 , $38 , $40 , $39 , $43 , $45 , $46 , $42 , $50 , $52 ,,17%
XOM, $70 , $51 , $38 , $46 , $45 , $45 , $42 , $40 , $34 , $33 , $38 , $41 ,,-41%
VZ, $61 , $54 , $54 , $57 , $57 , $55 , $57 , $59 , $59 , $57 , $60 , $59 ,,-4%
KO, $55 , $53 , $44 , $46 , $47 , $45 , $47 , $50 , $49 , $48 , $52 , $55 ,,-1%
ADBE, $330 , $345 , $318 , $354 , $387 , $435 , $444 , $513 , $490 , $447 , $478 , $500 ,,52%
T, $39 , $35 , $29 , $30 , $31 , $30 , $30 , $30 , $29 , $27 , $29 , $29 ,,-26%
ORCL, $53 , $49 , $48 , $53 , $54 , $55 , $55 , $57 , $60 , $56 , $58 , $65 ,,22%
INTC, $60 , $56 , $54 , $60 , $63 , $60 , $48 , $51 , $52 , $44 , $48 , $50 ,,-17%
CSCO, $48 , $40 , $39 , $42 , $48 , $47 , $47 , $42 , $39 , $36 , $43 , $45 ,,-7%
PFE, $37 , $32 , $31 , $36 , $36 , $31 , $36 , $36 , $35 , $34 , $38 , $37 ,,-1%
NFLX, $324 , $369 , $376 , $420 , $420 , $455 , $489 , $530 , $500 , $476 , $491 , $541 ,,67%
NKE, $101 , $89 , $83 , $87 , $99 , $98 , $98 , $112 , $126 , $120 , $135 , $141 ,,40%
CVX, $121 , $93 , $72 , $92 , $92 , $89 , $84 , $84 , $72 , $70 , $87 , $84 ,,-30%
ABT, $87 , $77 , $79 , $92 , $95 , $91 , $101 , $109 , $109 , $105 , $108 , $109 ,,26%
ABBV, $89 , $86 , $76 , $82 , $93 , $98 , $95 , $96 , $88 , $85 , $105 , $107 ,,21%
PEP, $137 , $132 , $120 , $132 , $132 , $132 , $138 , $140 , $139 , $133 , $144 , $148 ,,9%
CRM, $163 , $170 , $144 , $162 , $175 , $187 , $195 , $273 , $251 , $232 , $246 , $223 ,,37%
MRK, $91 , $77 , $77 , $79 , $81 , $77 , $80 , $85 , $83 , $75 , $80 , $82 ,,-10%
WFC, $54 , $41 , $29 , $29 , $26 , $26 , $24 , $24 , $24 , $21 , $27 , $30 ,,-44%
UPS, $117 , $90 , $93 , $95 , $100 , $111 , $143 , $164 , $167 , $157 , $171 , $168 ,,44%
LLY, $131 , $126 , $139 , $155 , $153 , $164 , $150 , $148 , $148 , $130 , $146 , $169 ,,28%
DHR, $153 , $145 , $138 , $163 , $167 , $177 , $204 , $206 , $215 , $230 , $225 , $222 ,,45%
TMO, $325 , $291 , $284 , $335 , $349 , $362 , $414 , $429 , $442 , $473 , $465 , $466 ,,43%
AVGO, $316 , $273 , $237 , $272 , $291 , $316 , $317 , $347 , $364 , $350 , $402 , $438 ,,39%
TMUS, $78 , $90 , $84 , $88 , $100 , $104 , $107 , $117 , $114 , $110 , $133 , $135 ,,72%
MCD, $198 , $194 , $165 , $188 , $186 , $184 , $194 , $214 , $219 , $213 , $217 , $215 ,,9%
COST, $294 , $281 , $285 , $303 , $308 , $303 , $326 , $348 , $355 , $358 , $392 , $377 ,,28%
TXN, $128 , $114 , $100 , $116 , $119 , $127 , $128 , $142 , $143 , $145 , $161 , $164 ,,28%
MDT, $113 , $101 , $90 , $98 , $99 , $92 , $96 , $107 , $104 , $101 , $114 , $117 ,,3%
MS, $51 , $45 , $34 , $39 , $44 , $48 , $49 , $52 , $48 , $48 , $62 , $69 ,,34%
C, $80 , $63 , $42 , $49 , $48 , $51 , $50 , $51 , $43 , $41 , $55 , $62 ,,-23%
HON, $177 , $162 , $134 , $142 , $146 , $145 , $149 , $166 , $165 , $165 , $204 , $213 ,,20%
PM, $85 , $82 , $73 , $75 , $73 , $70 , $77 , $80 , $75 , $71 , $76 , $83 ,,-3%
UNP, $181 , $160 , $141 , $160 , $170 , $169 , $173 , $192 , $197 , $177 , $204 , $208 ,,15%
QCOM, $88 , $78 , $68 , $79 , $81 , $91 , $106 , $119 , $118 , $123 , $147 , $152 ,,73%
CHTR, $485 , $493 , $436 , $495 , $544 , $510 , $580 , $616 , $624 , $604 , $652 , $662 ,,36%
BMY, $64 , $59 , $56 , $61 , $60 , $59 , $59 , $62 , $60 , $58 , $62 , $62 ,,-3%
AMGN, $241 , $200 , $203 , $239 , $230 , $236 , $245 , $253 , $254 , $217 , $222 , $230 ,,-5%
NEE, $61 , $63 , $60 , $58 , $64 , $60 , $70 , $70 , $69 , $73 , $74 , $77 ,,27%
LOW, $120 , $107 , $86 , $105 , $130 , $135 , $149 , $165 , $166 , $158 , $156 , $161 ,,34%
SCHW, $48 , $41 , $34 , $38 , $36 , $34 , $33 , $36 , $36 , $41 , $49 , $53 ,,12%
BA, $326 , $275 , $149 , $141 , $146 , $183 , $158 , $172 , $165 , $144 , $211 , $214 ,,-34%
CAT, $148 , $124 , $116 , $116 , $120 , $127 , $133 , $142 , $149 , $157 , $174 , $182 ,,23%
SBUX, $88 , $78 , $66 , $77 , $78 , $74 , $77 , $84 , $86 , $87 , $98 , $107 ,,22%
BLK, $503 , $463 , $440 , $502 , $529 , $544 , $575 , $594 , $564 , $599 , $698 , $722 ,,44%
RTX, $88 , $77 , $56 , $65 , $65 , $62 , $57 , $61 , $58 , $54 , $72 , $72 ,,-19%
IBM, $134 , $130 , $111 , $126 , $125 , $121 , $123 , $123 , $122 , $112 , $124 , $126 ,,-6%
AXP, $124 , $110 , $86 , $91 , $95 , $95 , $93 , $102 , $100 , $91 , $119 , $121 ,,-3%
GS, $230 , $201 , $155 , $183 , $196 , $198 , $198 , $205 , $201 , $189 , $231 , $264 ,,15%
DE, $173 , $156 , $138 , $145 , $152 , $157 , $176 , $210 , $222 , $226 , $262 , $269 ,,55%
MMM, $176 , $149 , $137 , $152 , $156 , $156 , $150 , $163 , $160 , $160 , $173 , $175 ,,-1%
GE, $11 , $11 , $8 , $7 , $7 , $7 , $6 , $6 , $6 , $7 , $10 , $11 ,,-3%
AMAT, $61 , $58 , $46 , $50 , $56 , $60 , $64 , $62 , $59 , $59 , $82 , $86 ,,41%
INTU, $262 , $266 , $230 , $270 , $290 , $296 , $306 , $345 , $326 , $315 , $352 , $380 ,,45%
SE, $40 , $45 , $44 , $56 , $80 , $107 , $122 , $153 , $154 , $158 , $180 , $199 ,,395%
AMT, $230 , $227 , $218 , $238 , $258 , $259 , $261 , $249 , $242 , $230 , $231 , $224 ,,-2%
CVS, $74 , $59 , $59 , $62 , $66 , $65 , $63 , $62 , $58 , $56 , $68 , $68 ,,-8%
LMT, $389 , $370 , $339 , $389 , $388 , $365 , $379 , $390 , $383 , $350 , $365 , $355 ,,-9%
EL, $207 , $184 , $159 , $176 , $197 , $189 , $198 , $222 , $218 , $220 , $245 , $266 ,,29%
TGT, $128 , $103 , $93 , $110 , $122 , $120 , $126 , $151 , $157 , $152 , $180 , $177 ,,38%
ISRG, $591 , $534 , $495 , $511 , $580 , $570 , $685 , $731 , $710 , $667 , $726 , $818 ,,38%
ANTM, $302 , $257 , $227 , $281 , $294 , $263 , $274 , $282 , $269 , $273 , $312 , $321 ,,6%
SYK, $210 , $191 , $166 , $186 , $196 , $180 , $193 , $198 , $208 , $202 , $233 , $245 ,,17%
SQ, $63 , $83 , $52 , $65 , $81 , $105 , $130 , $160 , $163 , $155 , $211 , $218 ,,248%
BKNG," $2,054 "," $1,696 "," $1,345 "," $1,481 "," $1,639 "," $1,592 "," $1,662 "," $1,910 "," $1,711 "," $1,623 "," $2,028 "," $2,227 ",,8%
MO, $50 , $40 , $39 , $39 , $39 , $39 , $41 , $44 , $39 , $36 , $40 , $41 ,,-18%
FIS, $139 , $140 , $122 , $132 , $139 , $134 , $146 , $151 , $147 , $125 , $148 , $141 ,,2%
USB, $59 , $46 , $34 , $37 , $36 , $37 , $37 , $36 , $36 , $39 , $43 , $47 ,,-21%
SPGI, $273 , $266 , $245 , $293 , $325 , $329 , $350 , $366 , $361 , $323 , $352 , $329 ,,20%
NOW, $282 , $326 , $287 , $352 , $388 , $405 , $439 , $482 , $485 , $498 , $535 , $550 ,,95%
ZM, $68 , $105 , $146 , $135 , $179 , $254 , $254 , $325 , $470 , $461 , $478 , $337 ,,396%
AMD, $46 , $45 , $45 , $52 , $54 , $53 , $77 , $91 , $82 , $75 , $93 , $92 ,,100%
CI, $204 , $183 , $177 , $196 , $197 , $188 , $173 , $177 , $169 , $167 , $209 , $208 ,,2%
MU, $54 , $53 , $42 , $48 , $48 , $52 , $50 , $46 , $47 , $50 , $64 , $75 ,,40%
MDLZ, $55 , $53 , $50 , $51 , $52 , $51 , $55 , $58 , $57 , $53 , $57 , $58 ,,6%
TJX, $61 , $60 , $48 , $49 , $53 , $51 , $52 , $55 , $56 , $51 , $64 , $68 ,,12%
LRCX, $292 , $293 , $240 , $255 , $274 , $323 , $377 , $336 , $332 , $342 , $453 , $472 ,,62%
GILD, $65 , $69 , $75 , $84 , $78 , $77 , $70 , $67 , $63 , $58 , $61 , $58 ,,-10%
PLD, $89 , $84 , $80 , $89 , $92 , $93 , $105 , $102 , $101 , $99 , $100 , $100 ,,12%
PNC, $160 , $126 , $96 , $107 , $114 , $105 , $107 , $111 , $110 , $112 , $138 , $149 ,,-7%
ABNB,#N/A,#N/A,#N/A,#N/A,#N/A,#N/A,#N/A,#N/A,#N/A,#N/A,#N/A, $147 ,,#N/A
TFC, $56 , $46 , $31 , $37 , $37 , $38 , $37 , $39 , $38 , $42 , $46 , $48 ,,-15%
ADP, $171 , $155 , $137 , $147 , $146 , $149 , $133 , $139 , $139 , $158 , $174 , $176 ,,3%
FDX, $151 , $141 , $121 , $127 , $131 , $140 , $168 , $220 , $252 , $259 , $287 , $260 ,,72%
ZTS, $132 , $133 , $118 , $129 , $139 , $137 , $152 , $160 , $165 , $159 , $160 , $166 ,,25%
GM, $37 , $31 , $21 , $22 , $26 , $25 , $25 , $30 , $30 , $35 , $44 , $42 ,,14%
SNAP, $16 , $14 , $12 , $18 , $19 , $23 , $22 , $23 , $26 , $39 , $44 , $50 ,,207%
DUK, $91 , $92 , $81 , $85 , $86 , $80 , $85 , $80 , $89 , $92 , $93 , $92 ,,0%
CCI, $142 , $143 , $144 , $159 , $172 , $167 , $167 , $163 , $167 , $156 , $168 , $159 ,,12%
CME, $201 , $199 , $173 , $178 , $183 , $163 , $166 , $176 , $167 , $151 , $175 , $182 ,,-9%
CSX, $72 , $70 , $57 , $66 , $72 , $70 , $71 , $76 , $78 , $79 , $90 , $91 ,,25%
COP, $65 , $48 , $31 , $42 , $42 , $42 , $37 , $38 , $33 , $29 , $40 , $40 ,,-39%
SHW, $195 , $172 , $153 , $179 , $198 , $193 , $216 , $224 , $232 , $229 , $249 , $245 ,,26%
FISV, $116 , $109 , $95 , $103 , $107 , $98 , $100 , $100 , $103 , $95 , $115 , $114 ,,-2%
ITW, $180 , $168 , $142 , $163 , $172 , $175 , $185 , $198 , $193 , $196 , $211 , $204 ,,13%
ATVI, $59 , $58 , $59 , $64 , $72 , $76 , $83 , $84 , $81 , $76 , $79 , $93 ,,56%
NSC, $194 , $182 , $146 , $171 , $178 , $176 , $192 , $213 , $214 , $209 , $237 , $238 ,,22%
COF, $103 , $88 , $50 , $65 , $68 , $63 , $64 , $69 , $72 , $73 , $86 , $99 ,,-4%
CL, $69 , $68 , $66 , $70 , $72 , $73 , $77 , $79 , $77 , $79 , $86 , $86 ,,24%
BDX, $272 , $238 , $230 , $253 , $247 , $239 , $281 , $243 , $233 , $231 , $235 , $250 ,,-8%
HCA, $148 , $127 , $90 , $110 , $107 , $97 , $127 , $136 , $125 , $124 , $150 , $164 ,,11%
SO, $64 , $60 , $54 , $57 , $57 , $52 , $55 , $52 , $54 , $57 , $60 , $61 ,,-4%
VMW, $152 , $121 , $121 , $132 , $156 , $155 , $140 , $144 , $144 , $129 , $140 , $140 ,,-8%
MMC, $111 , $105 , $86 , $97 , $106 , $107 , $117 , $115 , $115 , $103 , $115 , $117 ,,5%
APD, $235 , $220 , $200 , $226 , $242 , $241 , $287 , $292 , $298 , $276 , $280 , $273 ,,16%
MRNA, $20 , $26 , $30 , $46 , $62 , $64 , $74 , $65 , $71 , $67 , $153 , $104 ,,434%
EQIX, $584 , $573 , $625 , $675 , $698 , $702 , $785 , $790 , $760 , $731 , $698 , $714 ,,22%
ECL, $193 , $180 , $156 , $194 , $213 , $199 , $187 , $197 , $200 , $184 , $222 , $216 ,,12%
ICE, $93 , $89 , $81 , $89 , $97 , $92 , $97 , $106 , $100 , $94 , $106 , $115 ,,25%
D, $83 , $78 , $72 , $77 , $85 , $81 , $81 , $78 , $79 , $80 , $78 , $75 ,,-9%
PGR, $72 , $73 , $74 , $77 , $78 , $80 , $90 , $95 , $95 , $92 , $87 , $99 ,,37%
MCO, $237 , $240 , $212 , $244 , $267 , $275 , $281 , $295 , $290 , $263 , $282 , $290 ,,22%
FCX, $13 , $10 , $7 , $9 , $9 , $12 , $13 , $16 , $16 , $17 , $23 , $26 ,,98%
BX, $56 , $54 , $46 , $52 , $57 , $57 , $53 , $53 , $52 , $50 , $60 , $65 ,,16%
ADSK, $183 , $191 , $156 , $187 , $210 , $239 , $236 , $246 , $231 , $236 , $280 , $305 ,,66%
SNOW,#N/A,#N/A,#N/A,#N/A,#N/A,#N/A,#N/A,#N/A, $251 , $250 , $326 , $281 ,,#N/A
WM, $114 , $111 , $93 , $100 , $107 , $106 , $110 , $114 , $113 , $108 , $119 , $118 ,,3%
NOC, $344 , $329 , $303 , $331 , $335 , $307 , $325 , $343 , $315 , $290 , $302 , $305 ,,-11%
BSX, $45 , $37 , $33 , $37 , $38 , $35 , $39 , $41 , $38 , $34 , $33 , $36 ,,-20%
SCCO, $42 , $34 , $28 , $32 , $36 , $40 , $44 , $48 , $45 , $52 , $59 , $65 ,,53%
GPN, $183 , $184 , $144 , $166 , $179 , $170 , $178 , $177 , $178 , $158 , $195 , $215 ,,18%
HUM, $367 , $320 , $314 , $382 , $411 , $388 , $392 , $415 , $414 , $399 , $401 , $410 ,,12%
MET, $51 , $43 , $31 , $36 , $36 , $37 , $38 , $38 , $37 , $38 , $46 , $47 ,,-8%
EMR, $76 , $64 , $48 , $57 , $61 , $62 , $62 , $69 , $66 , $65 , $77 , $80 ,,5%
AON, $208 , $208 , $165 , $173 , $197 , $193 , $205 , $200 , $206 , $184 , $205 , $211 ,,1%
NEM, $43 , $45 , $45 , $59 , $58 , $62 , $69 , $67 , $63 , $63 , $59 , $60 ,,38%
VRTX, $219 , $224 , $238 , $251 , $288 , $290 , $272 , $279 , $272 , $208 , $228 , $236 ,,8%
WDAY, $164 , $173 , $130 , $154 , $183 , $187 , $181 , $240 , $215 , $210 , $225 , $240 ,,46%
ILMN, $332 , $266 , $273 , $319 , $363 , $370 , $382 , $357 , $309 , $293 , $322 , $370 ,,12%
EW, $78 , $68 , $63 , $73 , $75 , $69 , $78 , $86 , $80 , $72 , $84 , $91 ,,17%
ADI, $119 , $109 , $90 , $110 , $113 , $123 , $115 , $117 , $117 , $119 , $139 , $148 ,,24%
REGN, $375 , $445 , $488 , $526 , $613 , $624 , $632 , $620 , $560 , $544 , $516 , $483 ,,29%
GD, $176 , $160 , $132 , $131 , $147 , $149 , $147 , $149 , $138 , $131 , $149 , $149 ,,-16%
KHC, $32 , $25 , $25 , $30 , $30 , $32 , $34 , $35 , $30 , $31 , $33 , $35 ,,8%
EPD, $28 , $23 , $14 , $18 , $19 , $18 , $18 , $18 , $16 , $17 , $19 , $20 ,,-30%
TWLO, $98 , $113 , $89 , $112 , $198 , $219 , $277 , $270 , $247 , $279 , $320 , $339 ,,244%
COIN,#N/A,#N/A,#N/A,#N/A,#N/A,#N/A,#N/A,#N/A,#N/A,#N/A,#N/A,#N/A,,#N/A
KDP, $29 , $28 , $24 , $26 , $28 , $28 , $31 , $30 , $28 , $27 , $30 , $32 ,,11%
DG, $156 , $150 , $151 , $175 , $192 , $191 , $190 , $202 , $210 , $209 , $219 , $210 ,,35%
MNST, $64 , $62 , $56 , $62 , $72 , $69 , $78 , $84 , $80 , $77 , $85 , $92 ,,46%
EOG, $84 , $63 , $36 , $48 , $51 , $51 , $47 , $45 , $36 , $34 , $47 , $50 ,,-40%
PSA, $213 , $209 , $199 , $185 , $203 , $192 , $200 , $212 , $223 , $229 , $224 , $231 ,,8%
WBA, $59 , $46 , $46 , $43 , $43 , $42 , $41 , $38 , $36 , $34 , $38 , $40 ,,-32%
F, $9 , $7 , $5 , $5 , $6 , $6 , $7 , $7 , $7 , $8 , $9 , $9 ,,-5%
TRI, $72 , $74 , $68 , $71 , $67 , $68 , $70 , $76 , $80 , $78 , $79 , $82 ,,14%
KLAC, $178 , $154 , $144 , $164 , $176 , $194 , $200 , $205 , $194 , $197 , $252 , $259 ,,45%
MAR, $151 , $124 , $75 , $91 , $89 , $86 , $84 , $103 , $93 , $93 , $127 , $132 ,,-13%
ROST, $116 , $109 , $87 , $91 , $97 , $85 , $90 , $91 , $93 , $85 , $108 , $123 ,,5%
ROP, $354 , $352 , $312 , $341 , $394 , $388 , $432 , $427 , $395 , $371 , $427 , $431 ,,22%
STZ, $190 , $172 , $143 , $165 , $173 , $175 , $178 , $184 , $190 , $165 , $206 , $219 ,,15%
BK, $50 , $40 , $34 , $38 , $37 , $39 , $36 , $37 , $34 , $34 , $39 , $42 ,,-16%
KMB, $138 , $131 , $128 , $138 , $141 , $141 , $152 , $158 , $148 , $133 , $139 , $135 ,,-2%
IDXX, $261 , $255 , $242 , $278 , $309 , $330 , $398 , $391 , $393 , $425 , $461 , $500 ,,91%
ALGN, $279 , $218 , $174 , $215 , $246 , $274 , $294 , $297 , $327 , $426 , $481 , $534 ,,92%
IQV, $155 , $139 , $108 , $143 , $150 , $142 , $158 , $164 , $158 , $154 , $169 , $179 ,,16%
AIG, $51 , $42 , $24 , $25 , $30 , $31 , $32 , $29 , $28 , $31 , $38 , $38 ,,-26%
LHX, $198 , $198 , $180 , $194 , $199 , $170 , $168 , $181 , $170 , $161 , $192 , $189 ,,-4%
LVS, $69 , $58 , $42 , $48 , $48 , $46 , $44 , $51 , $47 , $48 , $56 , $60 ,,-14%
EXC, $46 , $43 , $37 , $37 , $38 , $36 , $39 , $37 , $36 , $40 , $41 , $42 ,,-7%
AEP, $95 , $89 , $80 , $83 , $85 , $80 , $87 , $79 , $82 , $90 , $85 , $83 ,,-12%
TROW, $122 , $118 , $98 , $116 , $121 , $124 , $138 , $139 , $128 , $127 , $143 , $151 ,,24%
SYY, $86 , $67 , $46 , $56 , $55 , $55 , $53 , $60 , $62 , $55 , $71 , $74 ,,-13%
CRWD, $50 , $60 , $56 , $68 , $88 , $100 , $113 , $126 , $137 , $124 , $153 , $212 ,,325%
PPG, $133 , $104 , $84 , $91 , $102 , $106 , $108 , $120 , $122 , $130 , $147 , $144 ,,8%
PRU, $94 , $75 , $52 , $62 , $61 , $61 , $63 , $68 , $64 , $64 , $76 , $78 ,,-17%
BIIB, $297 , $308 , $316 , $297 , $307 , $268 , $275 , $288 , $284 , $252 , $240 , $245 ,,-17%
BAX, $84 , $83 , $81 , $89 , $90 , $86 , $86 , $87 , $80 , $78 , $76 , $80 ,,-4%
DLR, $120 , $120 , $139 , $149 , $144 , $142 , $161 , $156 , $147 , $144 , $135 , $140 ,,17%
ROKU, $134 , $114 , $87 , $121 , $110 , $117 , $155 , $173 , $189 , $202 , $294 , $332 ,,148%
SRE, $151 , $140 , $113 , $124 , $126 , $117 , $124 , $124 , $118 , $125 , $127 , $127 ,,-16%
ALL, $112 , $105 , $92 , $102 , $98 , $97 , $94 , $93 , $94 , $89 , $102 , $110 ,,-2%
KMI, $21 , $19 , $14 , $15 , $16 , $15 , $14 , $14 , $12 , $12 , $14 , $14 ,,-35%
PH, $206 , $185 , $130 , $158 , $180 , $183 , $179 , $206 , $202 , $208 , $267 , $272 ,,32%
EBAY, $36 , $35 , $30 , $40 , $46 , $52 , $55 , $55 , $52 , $48 , $50 , $50 ,,39%
HPQ, $21 , $21 , $17 , $16 , $15 , $17 , $18 , $20 , $19 , $18 , $22 , $25 ,,20%
CVNA, $92 , $83 , $55 , $80 , $93 , $120 , $155 , $216 , $223 , $185 , $250 , $240 ,,160%
TRV, $137 , $120 , $99 , $101 , $107 , $114 , $114 , $116 , $108 , $121 , $130 , $140 ,,2%
CNC, $63 , $53 , $59 , $67 , $66 , $64 , $65 , $61 , $58 , $59 , $62 , $60 ,,-5%
SPG, $149 , $123 , $55 , $67 , $58 , $68 , $62 , $68 , $65 , $63 , $83 , $85 ,,-43%
A, $85 , $77 , $72 , $77 , $88 , $88 , $96 , $100 , $101 , $102 , $117 , $118 ,,39%
EA, $108 , $101 , $100 , $114 , $123 , $132 , $142 , $139 , $130 , $120 , $128 , $144 ,,34%
APH, $54 , $46 , $36 , $44 , $48 , $48 , $53 , $55 , $54 , $56 , $65 , $65 ,,21%
MPC, $60 , $47 , $24 , $32 , $35 , $37 , $38 , $35 , $29 , $30 , $39 , $41 ,,-31%
MCHP, $105 , $91 , $68 , $88 , $96 , $105 , $102 , $110 , $103 , $105 , $134 , $138 ,,32%
CMI, $179 , $151 , $135 , $164 , $170 , $173 , $193 , $207 , $211 , $220 , $231 , $227 ,,27%
GIS, $54 , $49 , $53 , $60 , $63 , $62 , $63 , $64 , $62 , $59 , $61 , $59 ,,10%
ORLY, $438 , $369 , $301 , $386 , $417 , $422 , $477 , $466 , $461 , $437 , $442 , $453 ,,3%
XEL, $63 , $62 , $60 , $64 , $65 , $63 , $69 , $69 , $69 , $70 , $67 , $67 ,,5%
MTCH,#N/A,#N/A,#N/A,#N/A,#N/A,#N/A, $103 , $112 , $111 , $117 , $139 , $151 ,,#N/A
PSX, $111 , $75 , $54 , $73 , $78 , $72 , $62 , $58 , $52 , $47 , $61 , $70 ,,-37%
AFL, $53 , $43 , $34 , $37 , $36 , $36 , $36 , $36 , $36 , $34 , $44 , $44 ,,-16%
ALXN, $108 , $94 , $90 , $107 , $120 , $112 , $102 , $114 , $114 , $115 , $122 , $156 ,,44%
PXD, $151 , $123 , $70 , $89 , $92 , $98 , $97 , $104 , $86 , $80 , $101 , $114 ,,-25%
MSCI, $258 , $295 , $289 , $327 , $329 , $334 , $376 , $373 , $357 , $350 , $409 , $447 ,,73%
CMG, $837 , $774 , $654 , $879 ," $1,004 "," $1,052 "," $1,155 "," $1,310 "," $1,244 "," $1,201 "," $1,289 "," $1,387 ",,66%
ADM, $46 , $38 , $35 , $37 , $39 , $40 , $43 , $45 , $46 , $46 , $50 , $50 ,,9%
GLW, $29 , $24 , $21 , $22 , $23 , $26 , $31 , $32 , $32 , $32 , $37 , $36 ,,24%
CTAS, $269 , $267 , $173 , $222 , $248 , $266 , $302 , $333 , $333 , $315 , $355 , $353 ,,31%
CTSH, $62 , $61 , $46 , $58 , $53 , $57 , $68 , $67 , $69 , $71 , $78 , $82 ,,32%
LUV, $54 , $46 , $36 , $31 , $32 , $34 , $31 , $38 , $38 , $40 , $46 , $47 ,,-14%
SNPS, $139 , $138 , $129 , $157 , $181 , $195 , $199 , $221 , $214 , $214 , $228 , $259 ,,86%
DOCU, $74 , $86 , $92 , $105 , $140 , $172 , $217 , $223 , $215 , $202 , $228 , $222 ,,200%
PAYX, $85 , $77 , $63 , $69 , $72 , $76 , $72 , $76 , $80 , $82 , $93 , $93 ,,10%
DFS, $85 , $66 , $36 , $43 , $48 , $50 , $49 , $53 , $58 , $65 , $76 , $91 ,,7%
DISCB, $36 , $34 , $26 , $34 , $37 , $38 , $35 , $37 , $34 , $34 , $32 , $32 ,,-11%
YUM, $101 , $89 , $69 , $86 , $90 , $87 , $91 , $96 , $91 , $93 , $106 , $109 ,,8%
RSG, $90 , $90 , $75 , $78 , $85 , $82 , $87 , $93 , $93 , $88 , $97 , $96 ,,7%
HSY, $147 , $144 , $133 , $132 , $136 , $130 , $145 , $149 , $143 , $137 , $148 , $152 ,,4%
IFF, $129 , $120 , $102 , $131 , $133 , $122 , $126 , $124 , $122 , $103 , $112 , $109 ,,-16%
OKTA, $115 , $128 , $122 , $151 , $196 , $200 , $221 , $215 , $214 , $210 , $245 , $254 ,,120%
SWK, $166 , $144 , $100 , $110 , $125 , $139 , $153 , $161 , $162 , $166 , $184 , $179 ,,8%
ZBH, $150 , $136 , $101 , $120 , $126 , $119 , $135 , $141 , $136 , $132 , $149 , $154 ,,3%
DHI, $53 , $53 , $34 , $47 , $55 , $55 , $66 , $71 , $76 , $67 , $75 , $69 ,,31%
CDNS, $69 , $66 , $66 , $81 , $91 , $96 , $109 , $111 , $107 , $109 , $116 , $136 ,,97%
RKT,#N/A,#N/A,#N/A,#N/A,#N/A,#N/A,#N/A, $28 , $20 , $18 , $21 , $20 ,,#N/A
MSI, $161 , $166 , $133 , $144 , $135 , $140 , $140 , $155 , $157 , $158 , $172 , $170 ,,6%
AZO," $1,191 "," $1,033 ", $846 ," $1,020 "," $1,148 "," $1,128 "," $1,207 "," $1,196 "," $1,178 "," $1,129 "," $1,138 "," $1,185 ",,0%
FTNT, $107 , $102 , $101 , $108 , $139 , $137 , $138 , $132 , $118 , $110 , $123 , $149 ,,39%
VFC, $100 , $72 , $54 , $58 , $56 , $61 , $60 , $66 , $70 , $67 , $83 , $85 ,,-14%
FRC, $117 , $101 , $82 , $104 , $108 , $106 , $112 , $113 , $109 , $126 , $130 , $147 ,,25%
VLO, $94 , $66 , $45 , $63 , $67 , $59 , $56 , $53 , $43 , $39 , $54 , $57 ,,-40%
PCAR, $79 , $67 , $61 , $69 , $74 , $75 , $85 , $86 , $85 , $85 , $87 , $86 ,,9%
TDG, $560 , $558 , $320 , $363 , $425 , $442 , $432 , $500 , $475 , $477 , $579 , $619 ,,11%
PANW, $231 , $185 , $164 , $197 , $235 , $230 , $256 , $257 , $245 , $221 , $294 , $355 ,,54%
KKR, $29 , $29 , $23 , $25 , $28 , $31 , $35 , $36 , $34 , $34 , $38 , $40 ,,39%
CSGP, $598 , $668 , $587 , $648 , $657 , $711 , $850 , $849 , $849 , $824 , $911 , $924 ,,54%
CCL, $51 , $33 , $13 , $16 , $16 , $16 , $14 , $16 , $15 , $14 , $20 , $22 ,,-57%
DXCM, $219 , $276 , $269 , $335 , $378 , $405 , $436 , $425 , $412 , $320 , $320 , $370 ,,69%
PEG, $59 , $51 , $45 , $51 , $51 , $49 , $56 , $52 , $55 , $58 , $58 , $58 ,,-1%
SBAC, $241 , $265 , $270 , $290 , $314 , $298 , $312 , $306 , $318 , $290 , $287 , $282 ,,17%
LBRDK, $126 , $126 , $111 , $123 , $137 , $124 , $137 , $140 , $143 , $142 , $157 , $158 ,,26%
WMB, $24 , $19 , $14 , $19 , $20 , $19 , $19 , $21 , $20 , $19 , $21 , $20 ,,-15%
SIVB, $251 , $208 , $151 , $193 , $215 , $216 , $224 , $255 , $241 , $291 , $345 , $388 ,,54%
ODFL, $127 , $129 , $131 , $145 , $171 , $170 , $183 , $202 , $181 , $190 , $203 , $195 ,,54%
W, $90 , $63 , $53 , $124 , $172 , $198 , $266 , $297 , $291 , $248 , $254 , $226 ,,150%
LEN, $56 , $60 , $38 , $50 , $60 , $62 , $72 , $75 , $82 , $70 , $76 , $76 ,,37%
ROK, $203 , $184 , $151 , $189 , $216 , $213 , $218 , $231 , $221 , $237 , $256 , $251 ,,24%
AME, $100 , $86 , $72 , $84 , $92 , $89 , $93 , $101 , $99 , $98 , $119 , $121 ,,21%
FAST, $37 , $34 , $31 , $36 , $41 , $43 , $47 , $49 , $45 , $43 , $49 , $49 ,,32%
MCK, $138 , $140 , $135 , $141 , $159 , $153 , $150 , $153 , $149 , $147 , $180 , $174 ,,26%
NUE, $56 , $41 , $36 , $41 , $42 , $41 , $42 , $45 , $45 , $48 , $54 , $53 ,,-5%
LBRDA, $125 , $124 , $107 , $120 , $135 , $122 , $135 , $138 , $142 , $141 , $157 , $158 ,,27%
WELL, $82 , $75 , $46 , $51 , $51 , $52 , $54 , $58 , $55 , $54 , $63 , $65 ,,-21%
WEC, $92 , $92 , $88 , $91 , $92 , $88 , $95 , $94 , $97 , $101 , $95 , $92 ,,0%
STT, $79 , $68 , $53 , $63 , $61 , $64 , $64 , $68 , $59 , $59 , $70 , $73 ,,-8%
BBY, $88 , $76 , $57 , $77 , $78 , $87 , $100 , $111 , $111 , $112 , $109 , $100 ,,14%
FITB, $31 , $24 , $15 , $19 , $19 , $19 , $20 , $21 , $21 , $23 , $25 , $28 ,,-10%
AMP, $167 , $141 , $102 , $115 , $140 , $150 , $154 , $157 , $154 , $161 , $185 , $194 ,,17%
DAL, $58 , $46 , $29 , $26 , $25 , $28 , $25 , $31 , $31 , $31 , $40 , $40 ,,-31%
MPLX, $25 , $20 , $12 , $18 , $19 , $17 , $18 , $18 , $16 , $17 , $21 , $22 ,,-15%
CPRT, $91 , $84 , $69 , $80 , $89 , $83 , $93 , $103 , $105 , $110 , $115 , $127 ,,40%
TSN, $91 , $68 , $58 , $62 , $61 , $60 , $61 , $63 , $59 , $57 , $65 , $64 ,,-29%
BLL, $65 , $70 , $65 , $66 , $71 , $69 , $74 , $80 , $83 , $89 , $96 , $93 ,,44%
ES, $85 , $86 , $78 , $81 , $84 , $83 , $90 , $86 , $84 , $87 , $88 , $87 ,,2%
EFX, $140 , $142 , $119 , $139 , $154 , $172 , $163 , $168 , $157 , $137 , $167 , $193 ,,38%
XLNX, $98 , $83 , $78 , $87 , $92 , $98 , $107 , $104 , $104 , $119 , $146 , $142 ,,45%
CBRE, $61 , $56 , $38 , $43 , $44 , $45 , $44 , $47 , $47 , $50 , $61 , $63 ,,2%
AJG, $95 , $97 , $82 , $79 , $94 , $97 , $107 , $105 , $106 , $104 , $115 , $124 ,,30%
PTON, $28 , $27 , $27 , $32 , $42 , $58 , $68 , $77 , $99 , $110 , $116 , $152 ,,434%
IBKR, $47 , $51 , $43 , $41 , $42 , $42 , $50 , $53 , $48 , $48 , $53 , $61 ,,31%
WY, $30 , $26 , $17 , $22 , $20 , $22 , $28 , $30 , $29 , $27 , $29 , $34 ,,11%
VIACA, $45 , $30 , $18 , $20 , $25 , $26 , $28 , $31 , $30 , $30 , $36 , $38 ,,-16%
ANSS, $257 , $242 , $232 , $262 , $283 , $292 , $311 , $339 , $327 , $304 , $338 , $364 ,,41%
RMD, $155 , $159 , $147 , $155 , $161 , $192 , $203 , $181 , $171 , $192 , $210 , $213 ,,37%
VRSK, $149 , $155 , $139 , $153 , $173 , $170 , $189 , $187 , $185 , $178 , $198 , $208 ,,39%
KSU, $153 , $151 , $127 , $131 , $151 , $149 , $172 , $182 , $181 , $176 , $186 , $204 ,,33%
ZG, $46 , $56 , $34 , $44 , $58 , $57 , $68 , $85 , $102 , $89 , $110 , $136 ,,197%
KR, $29 , $28 , $30 , $32 , $33 , $34 , $35 , $36 , $34 , $32 , $33 , $32 ,,10%
AWK, $123 , $124 , $120 , $122 , $127 , $129 , $147 , $141 , $145 , $151 , $153 , $153 ,,25%
Z, $46 , $56 , $36 , $44 , $58 , $58 , $68 , $86 , $102 , $89 , $108 , $130 ,,183%
EQR, $81 , $75 , $62 , $65 , $61 , $59 , $54 , $56 , $51 , $47 , $58 , $59 ,,-27%
AVB, $210 , $201 , $147 , $163 , $156 , $155 , $153 , $158 , $149 , $139 , $167 , $160 ,,-23%
DTE, $130 , $112 , $95 , $104 , $108 , $108 , $116 , $119 , $115 , $123 , $126 , $121 ,,-7%
ET, $13 , $11 , $5 , $8 , $8 , $7 , $7 , $6 , $5 , $5 , $6 , $6 ,,-52%
SWKS, $121 , $100 , $89 , $104 , $119 , $128 , $146 , $145 , $146 , $141 , $141 , $153 ,,26%
SYF, $36 , $29 , $16 , $20 , $20 , $22 , $22 , $25 , $26 , $25 , $30 , $35 ,,-4%
ED, $90 , $79 , $78 , $79 , $75 , $72 , $77 , $71 , $78 , $78 , $76 , $72 ,,-20%
NDAQ, $107 , $103 , $95 , $110 , $118 , $119 , $131 , $134 , $123 , $121 , $128 , $133 ,,24%
CUK, $48 , $32 , $12 , $14 , $14 , $13 , $11 , $14 , $13 , $12 , $18 , $19 ,,-61%
LH, $169 , $176 , $126 , $164 , $175 , $166 , $193 , $176 , $188 , $200 , $200 , $204 ,,20%
SGEN, $114 , $114 , $115 , $137 , $157 , $170 , $166 , $158 , $196 , $167 , $170 , $175 ,,53%
YUMC, $48 , $44 , $43 , $48 , $46 , $48 , $51 , $58 , $53 , $53 , $56 , $57 ,,19%
ZBRA, $255 , $211 , $184 , $230 , $261 , $256 , $281 , $287 , $252 , $284 , $378 , $384 ,,50%
DLTR, $94 , $83 , $73 , $80 , $98 , $93 , $93 , $96 , $91 , $90 , $109 , $108 ,,15%
KEYS, $103 , $95 , $84 , $97 , $108 , $101 , $100 , $99 , $99 , $105 , $120 , $132 ,,29%
HES, $67 , $56 , $33 , $49 , $47 , $52 , $49 , $46 , $41 , $37 , $47 , $53 ,,-21%
ARE, $162 , $152 , $137 , $157 , $154 , $162 , $178 , $168 , $160 , $152 , $164 , $178 ,,10%
EPAM, $212 , $223 , $186 , $221 , $231 , $252 , $290 , $327 , $323 , $309 , $322 , $358 ,,69%
DDOG, $38 , $45 , $36 , $45 , $71 , $87 , $94 , $84 , $102 , $91 , $99 , $98 ,,161%
VMC, $144 , $120 , $108 , $113 , $108 , $116 , $117 , $120 , $136 , $145 , $140 , $148 ,,3%
EXPE, $108 , $99 , $56 , $71 , $79 , $82 , $81 , $98 , $92 , $94 , $124 , $132 ,,22%
HRL, $45 , $42 , $47 , $47 , $49 , $48 , $51 , $51 , $49 , $49 , $47 , $47 ,,3%
VIAC, $42 , $25 , $14 , $17 , $21 , $23 , $26 , $28 , $28 , $29 , $35 , $37 ,,-11%
NTRS, $106 , $88 , $75 , $79 , $79 , $79 , $78 , $82 , $78 , $78 , $93 , $93 ,,-12%
MXIM, $62 , $56 , $49 , $55 , $58 , $61 , $68 , $68 , $68 , $70 , $83 , $89 ,,44%
VRSN, $193 , $190 , $180 , $209 , $219 , $207 , $212 , $215 , $205 , $191 , $201 , $216 ,,12%
URI, $167 , $132 , $103 , $129 , $139 , $149 , $155 , $177 , $175 , $178 , $227 , $232 ,,39%
RPRX,#N/A,#N/A,#N/A,#N/A,#N/A, $49 , $43 , $41 , $42 , $37 , $43 , $50 ,,#N/A
TTD, $260 , $287 , $193 , $293 , $312 , $407 , $451 , $481 , $519 , $566 , $901 , $801 ,,208%
WST, $150 , $151 , $152 , $189 , $216 , $227 , $269 , $284 , $275 , $272 , $275 , $283 ,,88%
IP, $46 , $37 , $31 , $34 , $34 , $35 , $35 , $36 , $41 , $44 , $49 , $50 ,,8%
U,#N/A,#N/A,#N/A,#N/A,#N/A,#N/A,#N/A,#N/A, $87 , $95 , $152 , $153 ,,#N/A
O, $74 , $72 , $50 , $55 , $55 , $60 , $60 , $62 , $61 , $58 , $60 , $62 ,,-16%
GWW, $339 , $278 , $249 , $276 , $310 , $314 , $342 , $365 , $357 , $350 , $418 , $408 ,,21%
OKE, $76 , $67 , $22 , $30 , $37 , $33 , $28 , $27 , $26 , $29 , $36 , $38 ,,-49%
SIRI, $7 , $6 , $5 , $6 , $6 , $6 , $6 , $6 , $5 , $6 , $6 , $6 ,,-11%
DISH, $35 , $34 , $20 , $25 , $32 , $35 , $32 , $36 , $29 , $25 , $36 , $32 ,,-9%
ABC, $85 , $84 , $89 , $90 , $95 , $101 , $100 , $97 , $97 , $96 , $103 , $98 ,,15%
MKC, $85 , $73 , $71 , $78 , $88 , $90 , $97 , $103 , $97 , $90 , $93 , $96 ,,13%
CDW, $143 , $114 , $93 , $111 , $111 , $116 , $116 , $114 , $120 , $123 , $130 , $132 ,,-8%
HIG, $61 , $50 , $35 , $38 , $38 , $39 , $42 , $40 , $37 , $39 , $44 , $49 ,,-19%
MLM, $280 , $228 , $189 , $190 , $192 , $207 , $207 , $203 , $235 , $266 , $266 , $284 ,,2%
OXY, $41 , $33 , $12 , $17 , $13 , $18 , $16 , $13 , $10 , $9 , $16 , $17 ,,-58%
HUBS, $159 , $179 , $133 , $169 , $200 , $224 , $235 , $300 , $292 , $290 , $394 , $396 ,,150%
CERN, $73 , $69 , $63 , $69 , $73 , $69 , $69 , $73 , $72 , $70 , $75 , $78 ,,7%
FLT, $288 , $266 , $187 , $241 , $244 , $252 , $259 , $251 , $238 , $221 , $265 , $273 ,,-5%
KEY, $20 , $16 , $10 , $12 , $12 , $12 , $12 , $12 , $12 , $13 , $15 , $16 ,,-19%
K, $69 , $60 , $60 , $66 , $65 , $66 , $69 , $71 , $65 , $63 , $64 , $62 ,,-10%
CLX, $154 , $159 , $173 , $186 , $206 , $219 , $237 , $224 , $210 , $207 , $203 , $202 ,,32%
PPL, $36 , $30 , $25 , $25 , $28 , $26 , $27 , $28 , $27 , $28 , $28 , $28 ,,-21%
ZS, $47 , $52 , $61 , $67 , $98 , $110 , $130 , $143 , $141 , $136 , $156 , $200 ,,329%
NET, $17 , $21 , $23 , $24 , $29 , $36 , $42 , $38 , $41 , $52 , $75 , $76 ,,345%
RF, $17 , $14 , $9 , $11 , $11 , $11 , $11 , $12 , $12 , $13 , $15 , $16 ,,-6%
EIX, $75 , $67 , $55 , $59 , $58 , $54 , $56 , $52 , $51 , $56 , $61 , $63 ,,-17%
WDC, $63 , $56 , $42 , $46 , $44 , $44 , $43 , $38 , $37 , $38 , $45 , $55 ,,-13%
DOV, $115 , $103 , $84 , $94 , $97 , $97 , $103 , $110 , $108 , $111 , $122 , $126 ,,10%
CHD, $70 , $70 , $64 , $70 , $75 , $77 , $96 , $96 , $94 , $88 , $88 , $87 ,,24%
TSCO, $93 , $89 , $85 , $101 , $122 , $132 , $143 , $149 , $143 , $133 , $141 , $141 ,,50%
FOXA, $37 , $31 , $24 , $26 , $29 , $27 , $26 , $28 , $28 , $27 , $29 , $29 ,,-21%
TDOC, $84 , $125 , $155 , $165 , $174 , $191 , $238 , $216 , $219 , $196 , $199 , $200 ,,139%
ETR, $120 , $117 , $94 , $96 , $102 , $94 , $105 , $99 , $99 , $101 , $109 , $100 ,,-17%
CFG, $41 , $32 , $19 , $22 , $24 , $25 , $25 , $26 , $25 , $27 , $33 , $36 ,,-12%
MTB, $170 , $140 , $103 , $112 , $106 , $104 , $106 , $103 , $92 , $104 , $116 , $127 ,,-25%
PCG, $11 , $16 , $9 , $11 , $12 , $9 , $9 , $9 , $9 , $10 , $13 , $12 ,,15%
RCL, $134 , $80 , $32 , $47 , $52 , $50 , $49 , $69 , $65 , $56 , $79 , $75 ,,-44%
AEE, $77 , $79 , $73 , $73 , $75 , $70 , $80 , $79 , $79 , $81 , $78 , $78 ,,2%
XYL, $79 , $77 , $65 , $72 , $66 , $65 , $73 , $80 , $84 , $87 , $96 , $102 ,,29%
LNG, $61 , $51 , $34 , $47 , $44 , $48 , $49 , $52 , $46 , $48 , $57 , $60 ,,-2%
HPE, $16 , $13 , $10 , $10 , $10 , $10 , $10 , $10 , $9 , $9 , $11 , $12 ,,-25%
FOX, $36 , $30 , $23 , $26 , $29 , $27 , $26 , $28 , $28 , $26 , $28 , $29 ,,-21%
ETSY, $44 , $58 , $38 , $65 , $81 , $106 , $118 , $120 , $122 , $122 , $161 , $178 ,,302%
TRU, $86 , $89 , $66 , $79 , $86 , $87 , $90 , $87 , $84 , $80 , $91 , $99 ,,16%
CZR, $60 , $50 , $14 , $21 , $35 , $40 , $31 , $46 , $56 , $45 , $68 , $74 ,,25%
HAL, $24 , $17 , $7 , $11 , $12 , $13 , $14 , $16 , $12 , $12 , $17 , $19 ,,-23%
VTR, $58 , $54 , $27 , $32 , $35 , $37 , $38 , $41 , $42 , $39 , $48 , $49 ,,-15%
APP,#N/A,#N/A,#N/A,#N/A,#N/A,#N/A,#N/A,#N/A,#N/A,#N/A,#N/A,#N/A,,#N/A
FE, $49 , $45 , $40 , $41 , $42 , $39 , $29 , $29 , $29 , $30 , $27 , $31 ,,-37%
KMX, $88 , $87 , $54 , $74 , $88 , $90 , $97 , $107 , $92 , $86 , $93 , $94 ,,8%
IR, $37 , $33 , $25 , $29 , $28 , $28 , $32 , $35 , $36 , $35 , $44 , $46 ,,24%
IAC,#N/A,#N/A,#N/A,#N/A,#N/A,#N/A, $132 , $133 , $120 , $121 , $142 , $189 ,,#N/A
TER, $68 , $59 , $54 , $63 , $67 , $85 , $89 , $85 , $79 , $88 , $110 , $120 ,,76%
EXPD, $78 , $70 , $67 , $72 , $76 , $76 , $85 , $88 , $91 , $88 , $89 , $95 ,,22%
ALLY, $31 , $25 , $14 , $16 , $17 , $20 , $20 , $23 , $25 , $27 , $30 , $36 ,,17%
CQP, $40 , $34 , $27 , $34 , $34 , $35 , $34 , $36 , $33 , $36 , $38 , $35 ,,-11%
INVH, $30 , $29 , $21 , $24 , $26 , $28 , $30 , $29 , $28 , $27 , $29 , $30 ,,-1%
IT, $154 , $129 , $100 , $119 , $122 , $121 , $125 , $130 , $125 , $120 , $152 , $160 ,,4%
CINF, $105 , $93 , $75 , $66 , $59 , $64 , $78 , $79 , $78 , $71 , $76 , $87 ,,-17%
TW, $46 , $48 , $42 , $52 , $66 , $58 , $54 , $57 , $58 , $54 , $60 , $62 ,,35%
QRVO, $116 , $101 , $81 , $98 , $105 , $111 , $128 , $128 , $129 , $127 , $157 , $166 ,,43%
EXR, $106 , $100 , $96 , $88 , $97 , $92 , $103 , $107 , $107 , $116 , $113 , $116 ,,10%
VTRS, $20 , $17 , $15 , $17 , $17 , $16 , $16 , $16 , $15 , $15 , $17 , $19 ,,-7%
LB, $18 , $22 , $12 , $12 , $16 , $15 , $24 , $29 , $32 , $32 , $39 , $37 ,,105%
WAT, $234 , $195 , $182 , $187 , $200 , $180 , $213 , $216 , $196 , $223 , $232 , $247 ,,6%
TTWO, $122 , $107 , $119 , $121 , $136 , $140 , $164 , $171 , $165 , $155 , $181 , $208 ,,70%
MGM, $33 , $25 , $12 , $17 , $17 , $17 , $16 , $23 , $22 , $21 , $28 , $32 ,,-5%
TRMB, $42 , $39 , $32 , $35 , $39 , $43 , $45 , $52 , $49 , $48 , $60 , $67 ,,60%
COO, $321 , $325 , $276 , $287 , $317 , $284 , $283 , $314 , $337 , $319 , $335 , $363 ,,13%
ALB, $73 , $82 , $56 , $61 , $77 , $77 , $82 , $91 , $89 , $93 , $136 , $148 ,,102%
GPC, $106 , $87 , $67 , $79 , $83 , $87 , $90 , $94 , $95 , $90 , $98 , $100 ,,-5%
SPLK, $150 , $147 , $126 , $140 , $186 , $199 , $210 , $219 , $188 , $198 , $204 , $170 ,,13%
SSNC, $61 , $56 , $44 , $55 , $58 , $56 , $58 , $64 , $61 , $59 , $69 , $73 ,,18%
BR, $124 , $104 , $95 , $116 , $121 , $126 , $134 , $137 , $132 , $138 , $147 , $153 ,,24%
GNRC, $101 , $103 , $93 , $97 , $111 , $122 , $158 , $190 , $194 , $210 , $216 , $227 ,,126%
CE, $123 , $94 , $73 , $83 , $90 , $86 , $97 , $101 , $107 , $114 , $129 , $130 ,,6%
LYV, $71 , $61 , $45 , $45 , $49 , $44 , $47 , $57 , $54 , $49 , $66 , $73 ,,3%
ESS, $301 , $283 , $220 , $244 , $243 , $229 , $221 , $217 , $201 , $205 , $246 , $237 ,,-21%
JBHT, $117 , $96 , $92 , $101 , $120 , $120 , $129 , $141 , $126 , $122 , $135 , $137 ,,17%
HEI, $114 , $108 , $75 , $88 , $101 , $100 , $96 , $110 , $105 , $105 , $124 , $132 ,,16%
AKAM, $86 , $87 , $91 , $98 , $106 , $107 , $112 , $116 , $111 , $95 , $104 , $105 ,,22%
RJF, $89 , $84 , $63 , $66 , $69 , $69 , $69 , $76 , $73 , $76 , $91 , $96 ,,7%
CMS, $63 , $60 , $59 , $57 , $59 , $58 , $64 , $60 , $61 , $63 , $62 , $61 ,,-3%
TFX, $376 , $335 , $293 , $335 , $363 , $364 , $373 , $393 , $340 , $318 , $383 , $412 ,,9%
SUI, $150 , $153 , $125 , $134 , $137 , $136 , $150 , $149 , $141 , $138 , $139 , $152 ,,1%
DRI, $109 , $98 , $54 , $74 , $77 , $76 , $76 , $87 , $101 , $92 , $108 , $119 ,,9%
AVY, $131 , $114 , $102 , $110 , $111 , $114 , $113 , $115 , $128 , $138 , $149 , $155 ,,19%
PFG, $55 , $44 , $31 , $36 , $39 , $42 , $42 , $42 , $40 , $39 , $50 , $50 ,,-10%
INCY, $87 , $75 , $73 , $98 , $102 , $104 , $99 , $96 , $90 , $87 , $85 , $87 ,,0%
ROL, $22 , $25 , $24 , $27 , $28 , $28 , $35 , $37 , $36 , $39 , $38 , $39 ,,77%
J, $90 , $92 , $79 , $83 , $84 , $85 , $85 , $90 , $93 , $95 , $108 , $109 ,,21%
CAG, $34 , $27 , $29 , $33 , $35 , $35 , $37 , $38 , $36 , $35 , $37 , $36 ,,6%
DISCA, $33 , $26 , $19 , $22 , $22 , $21 , $21 , $22 , $22 , $20 , $27 , $30 ,,-8%
NVR," $3,808 "," $3,667 "," $2,569 "," $3,100 "," $3,222 "," $3,259 "," $3,930 "," $4,168 "," $4,083 "," $3,953 "," $3,997 "," $4,080 ",,7%
DKNG, $11 , $16 , $12 , $19 , $40 , $33 , $33 , $35 , $59 , $35 , $52 , $47 ,,335%
OMC, $81 , $69 , $55 , $57 , $55 , $55 , $54 , $54 , $50 , $47 , $63 , $62 ,,-23%
ULTA, $253 , $257 , $176 , $218 , $244 , $203 , $193 , $232 , $224 , $207 , $275 , $287 ,,13%
MAA, $132 , $129 , $103 , $112 , $116 , $115 , $119 , $117 , $116 , $117 , $126 , $127 ,,-4%
UAL, $88 , $62 , $32 , $30 , $28 , $35 , $31 , $36 , $35 , $34 , $45 , $43 ,,-51%
BIO, $370 , $352 , $351 , $440 , $491 , $451 , $525 , $509 , $515 , $586 , $539 , $583 ,,58%
DVN, $26 , $16 , $7 , $12 , $11 , $11 , $10 , $11 , $9 , $9 , $14 , $16 ,,-39%
WMG,#N/A,#N/A,#N/A,#N/A,#N/A, $30 , $30 , $30 , $29 , $27 , $30 , $38 ,,#N/A
PEAK, $34 , $32 , $24 , $26 , $25 , $28 , $27 , $28 , $27 , $27 , $29 , $30 ,,-12%
UI, $189 , $136 , $142 , $162 , $184 , $175 , $185 , $182 , $167 , $186 , $248 , $279 ,,47%
LOGI, $47 , $39 , $43 , $48 , $59 , $65 , $73 , $75 , $77 , $85 , $90 , $97 ,,106%
EMN, $79 , $62 , $47 , $61 , $68 , $70 , $75 , $73 , $78 , $81 , $97 , $100 ,,27%
POOL, $212 , $211 , $197 , $212 , $269 , $272 , $317 , $328 , $335 , $350 , $346 , $373 ,,75%
CTLT, $56 , $52 , $52 , $69 , $78 , $73 , $87 , $93 , $86 , $88 , $96 , $104 ,,85%
NTAP, $62 , $47 , $42 , $44 , $45 , $44 , $44 , $47 , $44 , $44 , $53 , $66 ,,6%
BEN, $26 , $22 , $17 , $19 , $19 , $21 , $21 , $21 , $20 , $19 , $22 , $25 ,,-4%
ATUS, $27 , $26 , $22 , $26 , $26 , $23 , $27 , $28 , $26 , $27 , $34 , $38 ,,39%
MKTX, $379 , $324 , $333 , $455 , $509 , $501 , $517 , $486 , $482 , $539 , $539 , $571 ,,50%
IEX, $172 , $148 , $138 , $154 , $159 , $158 , $165 , $180 , $182 , $170 , $193 , $199 ,,16%
XM,#N/A,#N/A,#N/A,#N/A,#N/A,#N/A,#N/A,#N/A,#N/A,#N/A,#N/A,#N/A,,#N/A
MKL," $1,143 "," $1,182 ", $928 , $866 , $897 , $923 ," $1,045 "," $1,087 ", $974 , $933 , $974 ," $1,033 ",,-10%
COUP, $146 , $150 , $140 , $176 , $228 , $277 , $306 , $328 , $274 , $268 , $329 , $339 ,,132%
AES, $20 , $17 , $14 , $13 , $12 , $14 , $15 , $18 , $18 , $20 , $20 , $24 ,,18%
BXP, $138 , $129 , $92 , $97 , $86 , $90 , $89 , $87 , $80 , $72 , $98 , $95 ,,-31%
STE, $152 , $159 , $140 , $143 , $166 , $153 , $160 , $160 , $176 , $177 , $194 , $190 ,,24%
DRE, $35 , $32 , $32 , $35 , $34 , $35 , $40 , $39 , $37 , $38 , $38 , $40 ,,15%
DPZ, $294 , $339 , $324 , $362 , $386 , $369 , $387 , $409 , $425 , $378 , $393 , $383 ,,31%
EXAS, $92 , $81 , $58 , $79 , $86 , $87 , $95 , $75 , $102 , $124 , $121 , $132 ,,43%
CRL, $153 , $156 , $126 , $145 , $180 , $174 , $199 , $219 , $226 , $228 , $235 , $250 ,,64%
DGX, $107 , $106 , $80 , $110 , $118 , $114 , $127 , $111 , $114 , $122 , $124 , $119 ,,12%
ELAN, $29 , $27 , $22 , $25 , $21 , $21 , $24 , $29 , $28 , $31 , $31 , $31 ,,4%
LYFT, $43 , $38 , $27 , $33 , $31 , $33 , $29 , $30 , $28 , $23 , $38 , $49 ,,14%
CAH, $51 , $52 , $48 , $49 , $55 , $52 , $55 , $51 , $47 , $46 , $55 , $54 ,,6%
HOLX, $52 , $47 , $35 , $50 , $53 , $57 , $70 , $60 , $66 , $69 , $69 , $73 ,,39%
XPO, $80 , $74 , $49 , $67 , $79 , $77 , $75 , $88 , $85 , $90 , $107 , $119 ,,50%
MAS, $48 , $41 , $35 , $41 , $47 , $50 , $57 , $58 , $55 , $54 , $54 , $55 ,,14%
ENPH, $26 , $49 , $32 , $47 , $58 , $48 , $60 , $77 , $83 , $98 , $137 , $175 ,,572%
TYL, $300 , $313 , $297 , $321 , $375 , $347 , $357 , $345 , $349 , $384 , $428 , $437 ,,45%
PPD,#N/A, $28 , $18 , $24 , $27 , $27 , $29 , $34 , $37 , $33 , $35 , $34 ,,#N/A
HBAN, $15 , $12 , $8 , $9 , $9 , $9 , $9 , $9 , $9 , $10 , $12 , $13 ,,-16%
PKI, $97 , $86 , $75 , $91 , $100 , $98 , $119 , $118 , $126 , $130 , $133 , $144 ,,48%
AGR, $51 , $50 , $44 , $43 , $44 , $42 , $50 , $48 , $50 , $49 , $47 , $45 ,,-11%
ON, $24 , $19 , $12 , $16 , $16 , $20 , $21 , $21 , $22 , $25 , $29 , $33 ,,34%
MDB, $132 , $153 , $137 , $162 , $232 , $226 , $229 , $234 , $232 , $228 , $287 , $359 ,,173%
ALNY, $115 , $118 , $109 , $132 , $135 , $148 , $146 , $133 , $146 , $123 , $130 , $130 ,,13%
LUMN, $13 , $12 , $9 , $11 , $10 , $10 , $10 , $11 , $10 , $9 , $10 , $10 ,,-26%
TXG, $76 , $80 , $62 , $80 , $78 , $89 , $98 , $115 , $125 , $137 , $153 , $142 ,,86%
TDY, $347 , $337 , $297 , $326 , $374 , $311 , $307 , $314 , $310 , $309 , $378 , $392 ,,13%
NWSA, $14 , $12 , $9 , $10 , $12 , $12 , $13 , $15 , $14 , $13 , $18 , $18 ,,27%
ZI,#N/A,#N/A,#N/A,#N/A,#N/A, $51 , $41 , $39 , $43 , $38 , $51 , $48 ,,#N/A
TECH, $220 , $189 , $190 , $225 , $265 , $264 , $275 , $255 , $248 , $252 , $303 , $318 ,,45%
LSXMB, $50 , $45 , $32 , $34 , $36 , $38 , $35 , $42 , $35 , $36 , $47 , $43 ,,-13%
DISCK, $30 , $25 , $18 , $20 , $20 , $19 , $19 , $20 , $20 , $18 , $24 , $26 ,,-14%
L, $52 , $46 , $35 , $35 , $33 , $34 , $36 , $36 , $35 , $35 , $42 , $45 ,,-14%
WHR, $148 , $128 , $86 , $112 , $122 , $130 , $163 , $178 , $184 , $185 , $195 , $180 ,,22%
CG, $32 , $28 , $22 , $23 , $28 , $28 , $28 , $26 , $25 , $25 , $28 , $31 ,,-2%
PODD, $171 , $190 , $166 , $200 , $189 , $194 , $203 , $218 , $237 , $222 , $258 , $256 ,,49%
PHM, $39 , $40 , $22 , $28 , $34 , $34 , $44 , $45 , $46 , $41 , $44 , $43 ,,11%
TXT, $45 , $41 , $27 , $26 , $31 , $33 , $35 , $39 , $36 , $36 , $45 , $48 ,,8%
LKQ, $36 , $30 , $21 , $26 , $27 , $26 , $28 , $32 , $28 , $32 , $35 , $35 ,,-1%
MHK, $136 , $121 , $76 , $88 , $93 , $102 , $80 , $92 , $98 , $103 , $126 , $141 ,,3%
FMC, $100 , $93 , $82 , $92 , $98 , $100 , $106 , $107 , $106 , $103 , $116 , $115 ,,15%
WAB, $78 , $69 , $48 , $56 , $61 , $58 , $62 , $67 , $62 , $59 , $73 , $73 ,,-6%
MOH, $136 , $123 , $140 , $164 , $186 , $178 , $185 , $185 , $183 , $186 , $204 , $213 ,,57%
NLOK, $26 , $19 , $19 , $21 , $23 , $20 , $21 , $24 , $21 , $21 , $18 , $21 ,,-19%
PTC, $75 , $76 , $61 , $69 , $76 , $78 , $86 , $91 , $83 , $84 , $108 , $120 ,,60%
CCK, $73 , $71 , $58 , $64 , $65 , $65 , $72 , $77 , $77 , $86 , $94 , $100 ,,38%
NUAN, $18 , $22 , $17 , $20 , $23 , $25 , $27 , $30 , $33 , $32 , $43 , $44 ,,147%
FBHS, $65 , $62 , $43 , $48 , $61 , $64 , $77 , $84 , $87 , $81 , $84 , $86 ,,31%
CPB, $49 , $45 , $46 , $50 , $51 , $50 , $50 , $53 , $48 , $47 , $50 , $48 ,,-2%
ENTG, $50 , $53 , $45 , $54 , $60 , $59 , $72 , $67 , $74 , $75 , $93 , $96 ,,92%
XRAY, $57 , $49 , $39 , $42 , $47 , $44 , $45 , $45 , $44 , $47 , $51 , $52 ,,-7%
BRO, $39 , $43 , $36 , $36 , $40 , $41 , $45 , $46 , $45 , $44 , $45 , $47 ,,20%
NWS, $15 , $12 , $9 , $10 , $12 , $12 , $13 , $15 , $14 , $13 , $18 , $18 ,,22%
IEP, $62 , $63 , $48 , $52 , $50 , $48 , $50 , $50 , $49 , $49 , $50 , $51 ,,-18%
SJM, $104 , $103 , $111 , $115 , $114 , $106 , $109 , $120 , $116 , $112 , $117 , $116 ,,11%
PKG, $112 , $91 , $87 , $97 , $101 , $100 , $96 , $101 , $109 , $114 , $130 , $138 ,,23%
WYNN, $139 , $108 , $60 , $86 , $83 , $74 , $72 , $87 , $72 , $72 , $101 , $113 ,,-19%
LDOS, $98 , $103 , $92 , $99 , $105 , $94 , $95 , $90 , $89 , $83 , $101 , $105 ,,7%
CTXS, $111 , $103 , $142 , $145 , $148 , $148 , $143 , $145 , $138 , $113 , $124 , $130 ,,17%
EQH, $25 , $21 , $14 , $18 , $19 , $19 , $20 , $21 , $18 , $21 , $25 , $26 ,,3%
CNP, $27 , $23 , $15 , $17 , $18 , $19 , $19 , $20 , $19 , $21 , $23 , $22 ,,-21%
PLUG, $3 , $4 , $4 , $4 , $4 , $8 , $8 , $13 , $13 , $14 , $26 , $34 ,,973%
MPWR, $178 , $159 , $167 , $200 , $210 , $237 , $265 , $267 , $280 , $320 , $320 , $366 ,,106%
HWM, $24 , $22 , $12 , $13 , $13 , $16 , $15 , $18 , $17 , $17 , $23 , $29 ,,21%
AAL, $29 , $19 , $12 , $12 , $11 , $13 , $11 , $13 , $12 , $11 , $14 , $16 ,,-45%
AFRM,#N/A,#N/A,#N/A,#N/A,#N/A,#N/A,#N/A,#N/A,#N/A,#N/A,#N/A,#N/A,,#N/A
WRB, $69 , $67 , $52 , $54 , $58 , $57 , $62 , $62 , $61 , $60 , $65 , $66 ,,-4%
SBNY, $137 , $125 , $80 , $107 , $103 , $107 , $103 , $97 , $83 , $81 , $112 , $135 ,,-1%
FANG, $93 , $62 , $26 , $44 , $43 , $42 , $40 , $39 , $30 , $26 , $40 , $48 ,,-48%
LNT, $55 , $52 , $48 , $49 , $49 , $48 , $54 , $54 , $52 , $55 , $53 , $52 ,,-6%
FICO, $375 , $376 , $308 , $353 , $403 , $418 , $439 , $421 , $425 , $391 , $473 , $511 ,,36%
BMRN, $85 , $90 , $85 , $92 , $107 , $123 , $120 , $78 , $76 , $74 , $79 , $88 ,,4%
LSXMK, $47 , $44 , $31 , $34 , $36 , $34 , $35 , $36 , $33 , $35 , $41 , $44 ,,-8%
LSXMA, $48 , $45 , $32 , $34 , $37 , $35 , $35 , $36 , $33 , $35 , $41 , $43 ,,-11%
MOS, $22 , $17 , $11 , $12 , $12 , $13 , $13 , $18 , $18 , $19 , $22 , $23 ,,6%
BSY,#N/A,#N/A,#N/A,#N/A,#N/A,#N/A,#N/A,#N/A, $31 , $35 , $35 , $41 ,,#N/A
SNA, $169 , $145 , $109 , $130 , $130 , $139 , $146 , $148 , $147 , $158 , $176 , $171 ,,1%
UDR, $47 , $45 , $37 , $37 , $37 , $37 , $36 , $35 , $33 , $31 , $38 , $38 ,,-18%
GDDY, $68 , $70 , $57 , $69 , $77 , $73 , $70 , $84 , $76 , $71 , $80 , $83 ,,22%
RH, $214 , $181 , $100 , $144 , $217 , $249 , $287 , $331 , $383 , $335 , $453 , $448 ,,110%
SAM, $378 , $371 , $368 , $467 , $565 , $537 , $810 , $882 , $883 ," $1,039 ", $931 , $994 ,,163%
UHS, $143 , $124 , $99 , $106 , $105 , $93 , $110 , $110 , $107 , $110 , $131 , $138 ,,-4%
FNF, $45 , $39 , $25 , $27 , $32 , $31 , $32 , $33 , $31 , $31 , $36 , $39 ,,-14%
PWR, $41 , $38 , $32 , $36 , $37 , $39 , $40 , $51 , $53 , $62 , $68 , $72 ,,77%
STLD, $34 , $27 , $23 , $24 , $27 , $26 , $27 , $30 , $29 , $31 , $36 , $37 ,,8%
OSH,#N/A,#N/A,#N/A,#N/A,#N/A,#N/A,#N/A, $45 , $53 , $48 , $47 , $61 ,,#N/A
LNC, $59 , $45 , $26 , $35 , $38 , $37 , $37 , $36 , $31 , $35 , $47 , $50 ,,-15%
GPS, $18 , $14 , $7 , $8 , $9 , $13 , $13 , $17 , $17 , $19 , $21 , $20 ,,14%
APO, $48 , $42 , $34 , $40 , $48 , $50 , $49 , $47 , $45 , $37 , $44 , $49 ,,3%
WLK, $70 , $56 , $38 , $43 , $48 , $54 , $55 , $59 , $63 , $68 , $75 , $82 ,,16%
DVA, $75 , $78 , $76 , $79 , $81 , $79 , $87 , $87 , $86 , $86 , $110 , $117 ,,56%
CHRW, $78 , $69 , $66 , $71 , $81 , $79 , $94 , $98 , $102 , $88 , $94 , $94 ,,20%
LII, $244 , $228 , $182 , $187 , $214 , $233 , $268 , $280 , $273 , $272 , $288 , $274 ,,12%
HAS, $106 , $77 , $72 , $72 , $74 , $75 , $73 , $79 , $83 , $83 , $93 , $94 ,,-11%
AAP, $160 , $133 , $93 , $121 , $139 , $142 , $150 , $156 , $154 , $147 , $148 , $158 ,,-2%
DT, $25 , $32 , $24 , $30 , $38 , $41 , $42 , $44 , $41 , $35 , $38 , $43 ,,71%
CDAY, $68 , $71 , $50 , $59 , $69 , $79 , $78 , $80 , $83 , $86 , $96 , $107 ,,57%
ATO, $112 , $103 , $99 , $102 , $103 , $100 , $106 , $100 , $96 , $92 , $96 , $95 ,,-15%
WPC, $80 , $77 , $58 , $66 , $60 , $68 , $71 , $69 , $65 , $63 , $69 , $71 ,,-12%
TPL, $781 , $696 , $380 , $570 , $586 , $595 , $533 , $527 , $452 , $450 , $610 , $727 ,,-7%
CGNX, $56 , $45 , $42 , $55 , $57 , $60 , $67 , $69 , $65 , $66 , $75 , $80 ,,43%
GGG, $52 , $49 , $49 , $45 , $48 , $48 , $53 , $58 , $61 , $62 , $68 , $72 ,,39%
TPR, $27 , $23 , $13 , $15 , $14 , $13 , $13 , $15 , $16 , $22 , $28 , $31 ,,15%
MTN, $240 , $213 , $148 , $171 , $198 , $182 , $192 , $218 , $214 , $232 , $276 , $279 ,,16%
CNA, $45 , $42 , $31 , $32 , $30 , $32 , $33 , $32 , $30 , $30 , $35 , $39 ,,-13%
WSM, $73 , $62 , $43 , $62 , $83 , $82 , $87 , $88 , $90 , $91 , $109 , $102 ,,39%
IVZ, $18 , $14 , $9 , $9 , $8 , $11 , $10 , $10 , $11 , $13 , $16 , $17 ,,-3%
BG, $58 , $47 , $41 , $40 , $39 , $41 , $43 , $46 , $46 , $57 , $59 , $66 ,,14%
SMG, $106 , $106 , $102 , $124 , $143 , $134 , $159 , $169 , $153 , $150 , $176 , $199 ,,88%
IPG, $23 , $21 , $16 , $17 , $17 , $17 , $18 , $18 , $17 , $18 , $22 , $24 ,,2%
NLY, $9 , $9 , $5 , $6 , $6 , $7 , $7 , $7 , $7 , $7 , $8 , $8 ,,-10%
PENN, $26 , $30 , $13 , $18 , $33 , $31 , $34 , $51 , $73 , $54 , $70 , $86 ,,238%
ALLE, $125 , $115 , $92 , $101 , $100 , $102 , $99 , $103 , $99 , $99 , $114 , $116 ,,-7%
ELS, $70 , $68 , $57 , $60 , $62 , $62 , $68 , $66 , $61 , $59 , $59 , $63 ,,-10%
RPM, $77 , $64 , $60 , $66 , $75 , $75 , $82 , $85 , $83 , $85 , $88 , $91 ,,18%
FDS, $268 , $266 , $261 , $275 , $308 , $328 , $346 , $350 , $335 , $307 , $334 , $333 ,,24%
DAR, $28 , $26 , $19 , $21 , $23 , $25 , $28 , $32 , $36 , $43 , $48 , $58 ,,105%
BWA, $43 , $32 , $24 , $29 , $32 , $35 , $37 , $41 , $39 , $35 , $39 , $39 ,,-11%
NWL, $19 , $15 , $13 , $14 , $13 , $16 , $16 , $16 , $17 , $18 , $21 , $21 ,,10%
IRM, $32 , $30 , $24 , $24 , $26 , $26 , $28 , $30 , $27 , $26 , $28 , $29 ,,-7%
MPW, $21 , $21 , $17 , $17 , $18 , $19 , $20 , $19 , $18 , $18 , $19 , $22 ,,3%
HST, $19 , $14 , $11 , $12 , $12 , $11 , $11 , $11 , $11 , $10 , $14 , $15 ,,-21%
TTC, $80 , $71 , $65 , $64 , $71 , $66 , $71 , $75 , $84 , $82 , $91 , $95 ,,19%
GDRX,#N/A,#N/A,#N/A,#N/A,#N/A,#N/A,#N/A,#N/A, $56 , $48 , $38 , $40 ,,#N/A
ABMD, $171 , $150 , $145 , $191 , $224 , $242 , $300 , $308 , $277 , $252 , $274 , $324 ,,90%
UHAL, $376 , $323 , $291 , $280 , $323 , $302 , $318 , $355 , $356 , $347 , $414 , $454 ,,21%
MASI, $158 , $163 , $177 , $214 , $240 , $228 , $220 , $224 , $236 , $224 , $254 , $268 ,,70%
TREX, $45 , $48 , $40 , $48 , $60 , $65 , $70 , $75 , $72 , $70 , $75 , $84 ,,86%
UWMC,#N/A,#N/A, $10 , $10 , $10 , $10 , $10 , $11 , $10 , $10 , $10 , $13 ,,#N/A
LPLA, $92 , $79 , $54 , $60 , $71 , $78 , $79 , $82 , $77 , $80 , $91 , $104 ,,13%
NDSN, $163 , $145 , $135 , $161 , $188 , $190 , $194 , $186 , $192 , $193 , $204 , $201 ,,23%
CPT, $106 , $106 , $79 , $88 , $92 , $91 , $91 , $91 , $89 , $92 , $99 , $100 ,,-6%
JKHY, $146 , $152 , $155 , $164 , $181 , $184 , $178 , $165 , $163 , $148 , $161 , $162 ,,11%
CF, $48 , $37 , $27 , $28 , $29 , $28 , $31 , $33 , $31 , $28 , $37 , $39 ,,-19%
LEVI, $19 , $17 , $12 , $13 , $13 , $13 , $12 , $12 , $13 , $16 , $18 , $20 ,,4%
CLR, $34 , $19 , $8 , $16 , $12 , $18 , $17 , $17 , $12 , $12 , $15 , $16 ,,-52%
WSO, $180 , $157 , $158 , $161 , $178 , $178 , $236 , $245 , $233 , $224 , $227 , $227 ,,26%
AOS, $48 , $40 , $38 , $42 , $48 , $47 , $48 , $49 , $53 , $52 , $56 , $55 ,,15%
BAH, $71 , $71 , $69 , $73 , $80 , $78 , $82 , $88 , $83 , $79 , $87 , $87 ,,23%
GH, $78 , $87 , $70 , $77 , $90 , $81 , $85 , $96 , $112 , $107 , $121 , $129 ,,65%
WTRG, $47 , $43 , $41 , $42 , $44 , $42 , $45 , $43 , $40 , $41 , $45 , $47 ,,1%
HSIC, $67 , $61 , $51 , $55 , $61 , $58 , $69 , $66 , $59 , $64 , $64 , $67 ,,0%
GME, $6 , $4 , $4 , $6 , $4 , $4 , $4 , $7 , $10 , $10 , $17 , $19 ,,210%
LEA, $137 , $111 , $81 , $98 , $106 , $109 , $110 , $114 , $109 , $121 , $143 , $159 ,,16%
PRAH, $111 , $94 , $83 , $97 , $104 , $97 , $107 , $107 , $101 , $97 , $112 , $125 ,,13%
ZNGA, $6 , $7 , $7 , $8 , $9 , $10 , $10 , $9 , $9 , $9 , $8 , $10 ,,61%
OC, $65 , $56 , $39 , $43 , $53 , $56 , $60 , $68 , $69 , $65 , $73 , $76 ,,16%
CMA, $72 , $53 , $29 , $35 , $36 , $38 , $39 , $40 , $38 , $46 , $49 , $56 ,,-22%
QS,#N/A,#N/A,#N/A,#N/A,#N/A,#N/A,#N/A, $10 , $17 , $12 , $47 , $84 ,,#N/A
AFG, $110 , $92 , $70 , $66 , $60 , $63 , $61 , $67 , $67 , $75 , $89 , $88 ,,-20%
EWBC, $49 , $39 , $26 , $35 , $35 , $36 , $35 , $37 , $33 , $36 , $43 , $51 ,,4%
FIVN, $66 , $73 , $76 , $93 , $104 , $111 , $121 , $127 , $130 , $152 , $155 , $174 ,,166%
AGCO, $77 , $60 , $47 , $53 , $55 , $55 , $66 , $71 , $74 , $77 , $93 , $103 ,,33%
GL, $105 , $93 , $72 , $82 , $77 , $74 , $80 , $82 , $80 , $81 , $93 , $95 ,,-10%
MMP, $63 , $55 , $36 , $41 , $45 , $43 , $40 , $38 , $34 , $36 , $41 , $42 ,,-32%
RS, $120 , $102 , $88 , $90 , $97 , $95 , $98 , $105 , $102 , $109 , $118 , $120 ,,0%
REG, $63 , $57 , $38 , $44 , $43 , $46 , $41 , $40 , $38 , $36 , $46 , $46 ,,-28%
WAL, $57 , $46 , $31 , $36 , $38 , $38 , $36 , $35 , $32 , $41 , $51 , $60 ,,5%
FFIV, $140 , $120 , $107 , $139 , $145 , $139 , $136 , $132 , $123 , $133 , $163 , $176 ,,26%
GLPI, $43 , $45 , $28 , $28 , $35 , $35 , $36 , $36 , $37 , $36 , $42 , $42 ,,-2%
ERIE, $166 , $143 , $148 , $178 , $180 , $192 , $210 , $213 , $210 , $233 , $226 , $246 ,,48%
CREE, $46 , $45 , $35 , $43 , $53 , $59 , $69 , $63 , $64 , $64 , $90 , $106 ,,129%
NCLH, $58 , $37 , $11 , $16 , $16 , $16 , $14 , $17 , $17 , $17 , $23 , $25 ,,-56%
FHN, $17 , $13 , $8 , $9 , $9 , $10 , $9 , $10 , $9 , $10 , $12 , $13 ,,-23%
AVLR, $73 , $85 , $75 , $89 , $107 , $133 , $134 , $132 , $127 , $149 , $172 , $165 ,,125%
HUBB, $148 , $133 , $115 , $124 , $122 , $125 , $135 , $145 , $137 , $146 , $162 , $157 ,,6%
MORN, $151 , $147 , $116 , $156 , $153 , $141 , $168 , $160 , $161 , $190 , $200 , $232 ,,53%
CABO," $1,488 "," $1,573 "," $1,644 "," $1,913 "," $1,887 "," $1,775 "," $1,823 "," $1,840 "," $1,885 "," $1,732 "," $1,981 "," $2,228 ",,50%
IPGP, $145 , $128 , $110 , $129 , $155 , $160 , $179 , $162 , $170 , $186 , $207 , $224 ,,54%
UAA, $22 , $14 , $9 , $10 , $9 , $10 , $11 , $10 , $11 , $14 , $17 , $17 ,,-21%
BRKR, $51 , $44 , $36 , $39 , $43 , $41 , $45 , $42 , $40 , $43 , $51 , $54 ,,6%
LAMR, $89 , $84 , $51 , $58 , $66 , $67 , $66 , $69 , $66 , $62 , $80 , $83 ,,-7%
VER, $46 , $43 , $24 , $27 , $27 , $32 , $33 , $34 , $33 , $31 , $35 , $38 ,,-18%
FIVE, $128 , $97 , $70 , $90 , $105 , $107 , $109 , $109 , $127 , $133 , $156 , $175 ,,37%
JLL, $174 , $148 , $101 , $106 , $102 , $103 , $99 , $103 , $96 , $113 , $132 , $148 ,,-15%
CSL, $162 , $145 , $125 , $121 , $120 , $120 , $119 , $131 , $122 , $124 , $145 , $156 ,,-3%
MCFE,#N/A,#N/A,#N/A,#N/A,#N/A,#N/A,#N/A,#N/A,#N/A, $17 , $16 , $17 ,,#N/A
FWONK, $46 , $39 , $27 , $32 , $35 , $32 , $35 , $39 , $36 , $36 , $42 , $43 ,,-7%
WU, $27 , $22 , $18 , $19 , $20 , $22 , $24 , $24 , $21 , $19 , $23 , $22 ,,-18%
RHI, $63 , $50 , $38 , $47 , $51 , $53 , $51 , $53 , $53 , $51 , $64 , $62 ,,-1%
NI, $28 , $27 , $25 , $25 , $24 , $23 , $24 , $22 , $22 , $23 , $24 , $23 ,,-18%
ATR, $116 , $101 , $100 , $107 , $111 , $112 , $115 , $118 , $113 , $114 , $126 , $137 ,,18%
Y, $800 , $672 , $552 , $534 , $513 , $489 , $522 , $555 , $520 , $547 , $575 , $604 ,,-24%